{
    "movies": [
      {
        "Title": "The Lion King",
        "Year": "2019",
        "Runtime": "118 min",
        "Poster": "https://m.media-amazon.com/images/M/MV5BMjIwMjE1Nzc4NV5BMl5BanBnXkFtZTgwNDg4OTA1NzM@._V1_SX300.jpg"
      },
      {
        "Title": "Fire",
        "Year": "2018",
        "Runtime": "104 min",
        "Poster": "https://m.media-amazon.com/images/M/MV5BMjMzODc2NzU5MV5BMl5BanBnXkFtZTgwNTMwMTE3NjM@._V1_SX300.jpg"
      },
      {
        "Title": "Doctor Strange",
        "Year": "2016",
        "Runtime": "115 min",
        "Poster": "https://m.media-amazon.com/images/M/MV5BNjgwNzAzNjk1Nl5BMl5BanBnXkFtZTgwMzQ2NjI1OTE@._V1_SX300.jpg"
      },
      {
        "Title": "Action",
        "Year": "2014",
        "Runtime": "101 min",
        "Poster": "https://m.media-amazon.com/images/M/MV5BMTU2NjA1ODgzMF5BMl5BanBnXkFtZTgwMTM2MTI4MjE@._V1_SX300.jpg"
      },
      {
        "Title": "The Donkey King",
        "Year": "2004",
        "Runtime": "123 min"
      },
      {
        "Title": "The Donkey King",
        "Year": "2023",
        "Runtime": "160 min"
      },
      {
        "Title": "colud atlas",
        "Year": "2004",
        "Runtime": "123 min"
      },
      {
        "Title": "John Wish",
        "Year": "2004",
        "Runtime": "123 min"
      },
      {
        "Title": "Kcoren Beem",
        "Year": "2004",
        "Runtime": "167 min"
      },
      {
        "Title": "The Lion King",
        "Year": "2012",
        "Runtime": "180 min"
      }
    ]
  }